Time,email marketing tools,email marketing in digital marketing,AI tools for business
29-12-2024,8,8,6
05-01-2025,6,6,7
12-01-2025,6,8,0
19-01-2025,13,5,10
26-01-2025,11,14,6
02-02-2025,13,6,8
09-02-2025,6,10,9
16-02-2025,11,8,10
23-02-2025,7,6,8
02-03-2025,9,10,9
09-03-2025,10,8,6
16-03-2025,14,9,0
23-03-2025,9,8,6
30-03-2025,13,6,9
06-04-2025,10,7,6
13-04-2025,8,7,8
20-04-2025,10,8,10
27-04-2025,8,10,8
04-05-2025,9,8,10
11-05-2025,10,0,8
18-05-2025,9,13,8
25-05-2025,5,13,10
01-06-2025,11,12,32
08-06-2025,11,17,51
15-06-2025,11,9,29
22-06-2025,10,5,16
29-06-2025,10,10,15
06-07-2025,9,7,17
13-07-2025,13,0,22
20-07-2025,13,8,13
27-07-2025,9,5,11
03-08-2025,11,9,18
10-08-2025,7,5,12
17-08-2025,7,10,15
24-08-2025,0,6,17
31-08-2025,11,0,12
07-09-2025,7,7,11
14-09-2025,6,5,15
21-09-2025,9,7,17
28-09-2025,9,5,12
05-10-2025,5,8,7
12-10-2025,5,0,11
19-10-2025,10,7,7
26-10-2025,11,15,41
02-11-2025,13,19,47
09-11-2025,16,22,47
16-11-2025,15,21,51
23-11-2025,20,23,73
30-11-2025,19,23,100
07-12-2025,22,27,80
14-12-2025,16,20,68
21-12-2025,12,17,59
28-12-2025,10,13,40
